{
  "by_service_type": {
    "bike_plus": {
      "count": 12796,
      "mean": 5828.60335818438,
      "median": 5686.171795583465,
      "p95": 7781.710126957955,
      "min": 2630.076923076923,
      "max": 9196.630796112237
    },
    "car": {
      "count": 66903,
      "mean": 7937.630052677481,
      "median": 7772.274147392269,
      "p95": 10532.709059164217,
      "min": 3934.017061973987,
      "max": 12497.758804081634
    },
    "car_xl": {
      "count": 15118,
      "mean": 10768.397498306847,
      "median": 10583.607879903504,
      "p95": 15225.069659118148,
      "min": 6128.040123822923,
      "max": 18128.803656060703
    },
    "motorcycle": {
      "count": 55622,
      "mean": 4894.459325065863,
      "median": 4782.65126147505,
      "p95": 6602.256015938794,
      "min": 2070.230769230769,
      "max": 7781.356573567362
    }
  },
  "by_product_kind": {
    "delivery": {
      "count": 34427,
      "mean": 5450.196951509621,
      "median": 4923.804021394018,
      "p95": 8519.568065472698,
      "min": 2070.230769230769,
      "max": 12497.758804081634
    },
    "ride": {
      "count": 116012,
      "mean": 7353.001340327524,
      "median": 7190.601618811144,
      "p95": 11344.467643966374,
      "min": 2436.8668818792707,
      "max": 18128.803656060703
    }
  },
  "by_daypart": {
    "afternoon": {
      "count": 25398,
      "mean": 6592.719755551718,
      "median": 6534.237843849885,
      "p95": 10532.709059164217,
      "min": 2070.230769230769,
      "max": 16676.75988089413
    },
    "morning": {
      "count": 39665,
      "mean": 6635.484601460941,
      "median": 6590.186643790902,
      "p95": 10553.205347920823,
      "min": 2436.8668818792707,
      "max": 16676.75988089413
    },
    "night": {
      "count": 66160,
      "mean": 7358.893228449856,
      "median": 7178.517642979072,
      "p95": 11640.18726707178,
      "min": 2666.3546367241715,
      "max": 18128.803656060703
    },
    "noon": {
      "count": 19216,
      "mean": 6409.635349767683,
      "median": 6349.985842503903,
      "p95": 10532.709059164217,
      "min": 2854.6282677327313,
      "max": 15225.069659118148
    }
  },
  "by_weather": {
    "heavy_rain": {
      "count": 16470,
      "mean": 7422.923462564303,
      "median": 7268.897977857441,
      "p95": 11780.89371217372,
      "min": 2070.230769230769,
      "max": 18128.803656060703
    },
    "light_rain": {
      "count": 68232,
      "mean": 7184.381868372245,
      "median": 6981.845127560901,
      "p95": 11468.632390132661,
      "min": 2070.230769230769,
      "max": 18128.803656060703
    },
    "sunny": {
      "count": 65737,
      "mean": 6513.98799568767,
      "median": 6349.985842503903,
      "p95": 10532.709059164217,
      "min": 2776.2165031817785,
      "max": 18128.803656060703
    }
  },
  "by_calendar": {
    "holiday": {
      "count": 11514,
      "mean": 7244.0184277118,
      "median": 7037.216016314547,
      "p95": 11515.233931622926,
      "min": 3585.124829757511,
      "max": 18128.803656060703
    },
    "normal": {
      "count": 104479,
      "mean": 7009.6032558909,
      "median": 6803.348872603326,
      "p95": 11092.699985602614,
      "min": 2070.230769230769,
      "max": 18128.803656060703
    },
    "weekend": {
      "count": 34446,
      "mean": 6529.244475261568,
      "median": 6208.228444381258,
      "p95": 10583.607879903504,
      "min": 2854.6282677327313,
      "max": 18128.803656060703
    }
  },
  "by_zone": {
    "airport": {
      "count": 11098,
      "mean": 6731.118116215088,
      "median": 6920.076943856107,
      "p95": 9814.141692652574,
      "min": 2776.2165031817785,
      "max": 12704.991582656978
    },
    "bus_station": {
      "count": 16470,
      "mean": 6738.13409389118,
      "median": 6733.244461061383,
      "p95": 10818.69844107433,
      "min": 2984.9036823829756,
      "max": 13283.765909383306
    },
    "cbd": {
      "count": 31753,
      "mean": 7496.5805661910545,
      "median": 7307.111557266991,
      "p95": 11787.995547351986,
      "min": 2436.8668818792707,
      "max": 18128.803656060703
    },
    "entertainment": {
      "count": 21809,
      "mean": 6776.170098958339,
      "median": 6880.733233281625,
      "p95": 10291.226213411586,
      "min": 2666.3546367241715,
      "max": 12904.169423569854
    },
    "hospital": {
      "count": 13597,
      "mean": 7453.546720306465,
      "median": 7190.601618811144,
      "p95": 12408.309796261536,
      "min": 2839.806331424733,
      "max": 18128.803656060703
    },
    "industrial": {
      "count": 15392,
      "mean": 5864.259482895657,
      "median": 5296.350611506002,
      "p95": 9336.458505387298,
      "min": 2070.230769230769,
      "max": 12952.373068283665
    },
    "residential": {
      "count": 22497,
      "mean": 6369.299371098946,
      "median": 5831.769545582789,
      "p95": 10532.709059164217,
      "min": 2839.806331424733,
      "max": 18128.803656060703
    },
    "school": {
      "count": 17823,
      "mean": 7533.647729836722,
      "median": 7182.6920680511175,
      "p95": 12497.758804081634,
      "min": 2070.230769230769,
      "max": 18128.803656060703
    }
  }
}