{
  "by_service_type": {
    "bike_plus": {
      "count": 12668,
      "mean": 5809.697207013878,
      "median": 5687.929298577645,
      "p95": 7819.620257762506,
      "min": 2394.083447909775,
      "max": 10470.130109029209
    },
    "car": {
      "count": 68315,
      "mean": 7927.384015081687,
      "median": 7781.516561699268,
      "p95": 10644.0783772011,
      "min": 3074.9050191367423,
      "max": 14266.23286382919
    },
    "car_xl": {
      "count": 15690,
      "mean": 10771.238352402977,
      "median": 10553.205347920823,
      "p95": 15225.069659118148,
      "min": 4877.602472299047,
      "max": 20741.91676593559
    },
    "motorcycle": {
      "count": 55155,
      "mean": 4887.965238032067,
      "median": 4787.410702592177,
      "p95": 6602.256015938794,
      "min": 2048.3750609309573,
      "max": 8842.370298737776
    }
  },
  "by_product_kind": {
    "delivery": {
      "count": 33486,
      "mean": 5438.833510101507,
      "median": 4937.7692307692305,
      "p95": 8586.406827203518,
      "min": 2840.08394967503,
      "max": 14266.23286382919
    },
    "ride": {
      "count": 118342,
      "mean": 7365.332314328524,
      "median": 7190.601618811144,
      "p95": 11515.233931622926,
      "min": 2048.3750609309573,
      "max": 20741.91676593559
    }
  },
  "by_daypart": {
    "afternoon": {
      "count": 25413,
      "mean": 6657.986465241106,
      "median": 6534.237843849885,
      "p95": 10553.205347920823,
      "min": 2661.8188758759206,
      "max": 17402.958545172714
    },
    "morning": {
      "count": 40149,
      "mean": 6629.749213864816,
      "median": 6507.47335534985,
      "p95": 10553.205347920823,
      "min": 2048.3750609309573,
      "max": 17402.958545172714
    },
    "night": {
      "count": 66461,
      "mean": 7384.506611903861,
      "median": 7178.517642979072,
      "p95": 11836.089054244227,
      "min": 2087.7847267633038,
      "max": 20741.91676593559
    },
    "noon": {
      "count": 19805,
      "mean": 6442.516056512499,
      "median": 6149.810038273485,
      "p95": 10532.709059164217,
      "min": 2394.083447909775,
      "max": 17402.958545172714
    }
  },
  "by_weather": {
    "flooded": {
      "count": 7823,
      "mean": 7426.552791849685,
      "median": 7339.767381816545,
      "p95": 11515.233931622926,
      "min": 4024.3473705911215,
      "max": 18128.803656060703
    },
    "heavy_rain": {
      "count": 23619,
      "mean": 7466.436019594405,
      "median": 7307.111557266991,
      "p95": 11780.89371217372,
      "min": 4024.3473705911215,
      "max": 18128.803656060703
    },
    "light_rain": {
      "count": 51979,
      "mean": 7415.019550286196,
      "median": 7271.565287516316,
      "p95": 11780.89371217372,
      "min": 3420.736791979178,
      "max": 20741.91676593559
    },
    "sunny": {
      "count": 68407,
      "mean": 6342.625164381163,
      "median": 6107.086383520823,
      "p95": 10124.319517325048,
      "min": 2048.3750609309573,
      "max": 17793.28148838769
    }
  },
  "by_calendar": {
    "holiday": {
      "count": 11935,
      "mean": 7809.961522063828,
      "median": 7622.563960738903,
      "p95": 12282.489123089974,
      "min": 3842.9064261311382,
      "max": 20741.91676593559
    },
    "normal": {
      "count": 104537,
      "mean": 7045.741562314656,
      "median": 6860.554697366354,
      "p95": 11092.699985602614,
      "min": 2048.3750609309573,
      "max": 18128.803656060703
    },
    "weekend": {
      "count": 35356,
      "mean": 6335.568480484952,
      "median": 5997.581529249936,
      "p95": 10532.709059164217,
      "min": 2854.6282677327313,
      "max": 18128.803656060703
    }
  },
  "by_zone": {
    "airport": {
      "count": 11200,
      "mean": 6736.814447313019,
      "median": 6902.601550391095,
      "p95": 9814.141692652574,
      "min": 2488.193734680377,
      "max": 14488.863947873899
    },
    "bus_station": {
      "count": 16580,
      "mean": 6791.181112667872,
      "median": 6800.683099729822,
      "p95": 10868.411084898511,
      "min": 2984.9036823829756,
      "max": 15177.453286526888
    },
    "cbd": {
      "count": 32054,
      "mean": 7501.767640397676,
      "median": 7307.111557266991,
      "p95": 11787.995547351986,
      "min": 2426.78408598705,
      "max": 20741.91676593559
    },
    "entertainment": {
      "count": 21961,
      "mean": 6810.135249930773,
      "median": 6840.410770720946,
      "p95": 10583.607879903504,
      "min": 2048.3750609309573,
      "max": 14709.069589716473
    },
    "hospital": {
      "count": 13556,
      "mean": 7556.739688690687,
      "median": 7190.601618811144,
      "p95": 12497.758804081634,
      "min": 2394.083447909775,
      "max": 20741.91676593559
    },
    "industrial": {
      "count": 15475,
      "mean": 5767.780319331721,
      "median": 5191.12600158998,
      "p95": 9254.74503195833,
      "min": 2087.7847267633038,
      "max": 13512.985649529255
    },
    "residential": {
      "count": 22947,
      "mean": 6387.903292294427,
      "median": 5831.769545582789,
      "p95": 10583.607879903504,
      "min": 2854.6282677327313,
      "max": 20741.91676593559
    },
    "school": {
      "count": 18055,
      "mean": 7610.357813614706,
      "median": 7182.6920680511175,
      "p95": 12497.758804081634,
      "min": 2943.230769230769,
      "max": 20741.91676593559
    }
  }
}