{
  "by_traffic": [
    {
      "traffic": "busy",
      "trip_count": 97472,
      "average_eta_minutes": 37.52453418806946,
      "average_pickup_minutes": 15.002813068074994,
      "average_trip_time_minutes": 22.521721119990712,
      "average_driver_income_vnd": 48350.130068122126
    },
    {
      "traffic": "clear",
      "trip_count": 39252,
      "average_eta_minutes": 27.079931659388787,
      "average_pickup_minutes": 10.273507404492392,
      "average_trip_time_minutes": 16.80642425489989,
      "average_driver_income_vnd": 41616.290685824926
    },
    {
      "traffic": "jammed",
      "trip_count": 15104,
      "average_eta_minutes": 65.9382931901773,
      "average_pickup_minutes": 27.3612483632025,
      "average_trip_time_minutes": 38.57704482697353,
      "average_driver_income_vnd": 49370.341962394064
    }
  ]
}