{
  "requested": 195,
  "accepted": 78,
  "rejected": 117,
  "cancelled": 0,
  "completed": 78,
  "average_pickup_minutes": 17.659567576305346,
  "average_delivery_minutes": 23.836551476323336,
  "average_distance_km": 9.90907181400356,
  "average_weight_kg": 8.012513527211334
}