{
  "requested": 743,
  "accepted": 521,
  "rejected": 218,
  "cancelled": 4,
  "completed": 521,
  "accept_rate_percent": 70.12113055181696,
  "average_eta_minutes": 32.466473537275434,
  "average_pickup_minutes": 16.226048260412533
}