{
  "requested": 586,
  "accepted": 546,
  "rejected": 37,
  "cancelled": 3,
  "completed": 546,
  "accept_rate_percent": 93.1740614334471,
  "average_eta_minutes": 23.59580795343657,
  "average_pickup_minutes": 15.375193173057399
}