{
  "overall": {
    "sample_size_completed_trips": 521,
    "average_customer_pays_vnd": 63856.6679462572,
    "average_voucher_vnd": 172.01919385796546,
    "average_promotion_vnd": 0,
    "average_driver_vnd": 50726.46449136276,
    "average_commission_vnd": 13130.203454894434,
    "average_vat_vnd": 1313.0203454894433,
    "average_platform_net_vnd": 11817.18310940499,
    "estimated_cloud_cost_vnd": 400,
    "estimated_map_cost_vnd": 250,
    "estimated_sms_cost_vnd": 350,
    "estimated_profit_vnd": 10817.18310940499
  },
  "ride": {
    "sample_size_completed_trips": 443,
    "average_customer_pays_vnd": 65584.78329571107,
    "average_voucher_vnd": 188.08803611738148,
    "average_promotion_vnd": 0,
    "average_driver_vnd": 52244.43115124154,
    "average_commission_vnd": 13340.352144469525,
    "average_vat_vnd": 1334.0352144469525,
    "average_platform_net_vnd": 12006.316930022573,
    "estimated_cloud_cost_vnd": 400,
    "estimated_map_cost_vnd": 250,
    "estimated_sms_cost_vnd": 350,
    "estimated_profit_vnd": 11006.316930022573
  },
  "delivery": {
    "sample_size_completed_trips": 78,
    "average_customer_pays_vnd": 54041.85897435898,
    "average_voucher_vnd": 80.75641025641026,
    "average_promotion_vnd": 0,
    "average_driver_vnd": 42105.192307692305,
    "average_commission_vnd": 11936.666666666666,
    "average_vat_vnd": 1193.6666666666665,
    "average_platform_net_vnd": 10743,
    "estimated_cloud_cost_vnd": 400,
    "estimated_map_cost_vnd": 250,
    "estimated_sms_cost_vnd": 350,
    "estimated_profit_vnd": 9743
  }
}