{
  "average_ride_trips": 39.3971,
  "average_deliveries": 14.1246,
  "total_voucher_saved_vnd": 9157059,
  "total_promotion_used_count": 20043,
  "average_fare_vnd": 64070.332113890254,
  "average_price_sensitivity": 0.5037311054236215,
  "membership_counts": {
    "diamond": 212,
    "free": 6936,
    "gold": 836,
    "silver": 2016
  },
  "retention_rate_percent": 82.66733333333333,
  "cancelled_requests_total": 758,
  "cancellation_rate_percent": 0.14139548765587548
}