{
  "by_service_type": {
    "bike_plus": {
      "count": 81,
      "mean": 5570.400405381878,
      "median": 5261.615508800706,
      "p95": 7265.522176691776,
      "min": 4249.566847743735,
      "max": 8089.3015767741035
    },
    "car": {
      "count": 438,
      "mean": 7332.443571223595,
      "median": 7066.427702211934,
      "p95": 9816.056336431651,
      "min": 4368.222851458016,
      "max": 10959.801555000893
    },
    "car_xl": {
      "count": 98,
      "mean": 10092.031080912433,
      "median": 9384.012830600674,
      "p95": 14849.242404917497,
      "min": 7209.402597741821,
      "max": 15856.162461327142
    },
    "motorcycle": {
      "count": 329,
      "mean": 4511.924371192885,
      "median": 4322.990220900343,
      "p95": 6345.92980775867,
      "min": 1924.1405469571198,
      "max": 6858.582224118917
    }
  },
  "by_product_kind": {
    "delivery": {
      "count": 223,
      "mean": 5157.2277328064465,
      "median": 4587.666133837069,
      "p95": 7738.702155970568,
      "min": 1924.1405469571198,
      "max": 10644.0783772011
    },
    "ride": {
      "count": 723,
      "mean": 6896.532637161694,
      "median": 6797.34850920236,
      "p95": 10291.226213411586,
      "min": 3367.518374114683,
      "max": 15856.162461327142
    }
  },
  "by_daypart": {
    "afternoon": {
      "count": 176,
      "mean": 6188.0950653869695,
      "median": 6050.416621175431,
      "p95": 9774.598485644081,
      "min": 3358.318551578684,
      "max": 14849.242404917497
    },
    "morning": {
      "count": 212,
      "mean": 6374.752624443187,
      "median": 6349.985842503903,
      "p95": 9816.056336431651,
      "min": 1924.1405469571198,
      "max": 14849.242404917497
    },
    "night": {
      "count": 444,
      "mean": 6698.43772196113,
      "median": 6619.424897648568,
      "p95": 10644.0783772011,
      "min": 3516.121063133669,
      "max": 15856.162461327142
    },
    "noon": {
      "count": 114,
      "mean": 6329.791619674934,
      "median": 6349.985842503903,
      "p95": 9545.941546018392,
      "min": 3467.783064440807,
      "max": 14849.242404917497
    }
  },
  "by_weather": {
    "sunny": {
      "count": 946,
      "mean": 6486.527358439477,
      "median": 6345.92980775867,
      "p95": 10105.616563327543,
      "min": 1924.1405469571198,
      "max": 15856.162461327142
    }
  },
  "by_calendar": {
    "normal": {
      "count": 946,
      "mean": 6486.527358439477,
      "median": 6345.92980775867,
      "p95": 10105.616563327543,
      "min": 1924.1405469571198,
      "max": 15856.162461327142
    }
  },
  "by_zone": {
    "airport": {
      "count": 61,
      "mean": 5889.476444738953,
      "median": 6045.480136432507,
      "p95": 7862.688089960075,
      "min": 3858.3034290425885,
      "max": 9035.374106274923
    },
    "bus_station": {
      "count": 117,
      "mean": 6252.805854299053,
      "median": 6396.8031366341465,
      "p95": 8411.148108314346,
      "min": 3571.5446456313134,
      "max": 11560.03363011595
    },
    "cbd": {
      "count": 166,
      "mean": 7076.154899533559,
      "median": 6803.348872603326,
      "p95": 10105.616563327543,
      "min": 3741.612546750398,
      "max": 15856.162461327142
    },
    "entertainment": {
      "count": 126,
      "mean": 6111.3112450886365,
      "median": 6094.775887836305,
      "p95": 8822.754671869778,
      "min": 1924.1405469571198,
      "max": 10291.226213411586
    },
    "hospital": {
      "count": 110,
      "mean": 7356.348513467284,
      "median": 6887.230225553324,
      "p95": 11304.193951803905,
      "min": 3467.783064440807,
      "max": 15856.162461327142
    },
    "industrial": {
      "count": 107,
      "mean": 5420.098340661527,
      "median": 4777.970751987638,
      "p95": 7824.402149685304,
      "min": 3358.318551578684,
      "max": 10294.40975481353
    },
    "residential": {
      "count": 128,
      "mean": 5999.301695224611,
      "median": 5775.060821660457,
      "p95": 9545.941546018392,
      "min": 3467.783064440807,
      "max": 14849.242404917497
    },
    "school": {
      "count": 131,
      "mean": 7203.756693717626,
      "median": 6981.202995921998,
      "p95": 10959.801555000893,
      "min": 3620.4615384615386,
      "max": 14849.242404917497
    }
  }
}