{
  "by_service_type": {
    "bike_plus": {
      "count": 26673,
      "mean": 5605.845065547658,
      "median": 5445.421810005988,
      "p95": 7781.710126957955,
      "min": 2521.425385691545,
      "max": 10470.130109029209
    },
    "car": {
      "count": 134544,
      "mean": 7625.477896114608,
      "median": 7339.767381816545,
      "p95": 10532.709059164217,
      "min": 3008.6979826100523,
      "max": 14266.23286382919
    },
    "car_xl": {
      "count": 31169,
      "mean": 10420.369550343048,
      "median": 9880.145481708558,
      "p95": 14849.242404917497,
      "min": 5607.946684170597,
      "max": 20741.91676593559
    },
    "motorcycle": {
      "count": 104474,
      "mean": 4702.4134897544645,
      "median": 4497.423122158513,
      "p95": 6602.256015938794,
      "min": 1731.3076923076924,
      "max": 8842.370298737776
    }
  },
  "by_product_kind": {
    "delivery": {
      "count": 60364,
      "mean": 5224.153422027776,
      "median": 4782.65126147505,
      "p95": 8198.766846300729,
      "min": 1845.2944239635883,
      "max": 14266.23286382919
    },
    "ride": {
      "count": 236496,
      "mean": 7087.682885818175,
      "median": 6863.887873158631,
      "p95": 10959.801555000893,
      "min": 1731.3076923076924,
      "max": 20741.91676593559
    }
  },
  "by_daypart": {
    "afternoon": {
      "count": 49713,
      "mean": 6463.943642753135,
      "median": 6339.763817463903,
      "p95": 10232.365754698716,
      "min": 1840.7311590778268,
      "max": 19072.437655554153
    },
    "morning": {
      "count": 77241,
      "mean": 6388.663065257001,
      "median": 6172.335092977373,
      "p95": 10119.40514556068,
      "min": 1731.3076923076924,
      "max": 19072.437655554153
    },
    "night": {
      "count": 131434,
      "mean": 7126.312437980069,
      "median": 6920.076943856107,
      "p95": 11186.489074437073,
      "min": 2124.87395961791,
      "max": 20741.91676593559
    },
    "noon": {
      "count": 38472,
      "mean": 6241.186988520122,
      "median": 6017.395965220105,
      "p95": 9856.50316997494,
      "min": 2236.436215409654,
      "max": 17402.958545172714
    }
  },
  "by_weather": {
    "light_rain": {
      "count": 77479,
      "mean": 7399.222644972128,
      "median": 7191.629518057781,
      "p95": 11968.814512399078,
      "min": 3420.736791979178,
      "max": 20741.91676593559
    },
    "sunny": {
      "count": 219381,
      "mean": 6464.894761268544,
      "median": 6345.92980775867,
      "p95": 10274.808230053912,
      "min": 1731.3076923076924,
      "max": 18629.788810531372
    }
  },
  "by_calendar": {
    "holiday": {
      "count": 32232,
      "mean": 7714.489384900794,
      "median": 7469.659614437297,
      "p95": 12359.604120885102,
      "min": 3365.153846153846,
      "max": 20741.91676593559
    },
    "normal": {
      "count": 202402,
      "mean": 6633.627078193503,
      "median": 6534.237843849885,
      "p95": 10625.366341089277,
      "min": 1731.3076923076924,
      "max": 18629.788810531372
    },
    "weekend": {
      "count": 62226,
      "mean": 6432.14474972994,
      "median": 6045.480136432507,
      "p95": 10583.607879903504,
      "min": 2854.6282677327313,
      "max": 18128.803656060703
    }
  },
  "by_zone": {
    "airport": {
      "count": 21918,
      "mean": 6524.919141387733,
      "median": 6508.113944560638,
      "p95": 9454.206226272456,
      "min": 2776.2165031817785,
      "max": 14581.332705591552
    },
    "bus_station": {
      "count": 32503,
      "mean": 6555.043659563734,
      "median": 6453.713375873694,
      "p95": 10269.469673602876,
      "min": 2303.3974970490362,
      "max": 15224.958394611363
    },
    "cbd": {
      "count": 62439,
      "mean": 7266.030594861896,
      "median": 6994.7719984531905,
      "p95": 11261.846143549272,
      "min": 2426.78408598705,
      "max": 20741.91676593559
    },
    "entertainment": {
      "count": 42988,
      "mean": 6540.72497690762,
      "median": 6568.512251272883,
      "p95": 10039.906647631276,
      "min": 2237.501486578059,
      "max": 14792.934899850656
    },
    "hospital": {
      "count": 26934,
      "mean": 7303.679980168552,
      "median": 6858.582224118917,
      "p95": 11836.089054244227,
      "min": 3140.9857180348463,
      "max": 20741.91676593559
    },
    "industrial": {
      "count": 30381,
      "mean": 5570.885094581857,
      "median": 5008.680466200653,
      "p95": 8973.45684140531,
      "min": 1840.7311590778268,
      "max": 14847.684183905581
    },
    "residential": {
      "count": 44611,
      "mean": 6223.150544926599,
      "median": 6010.407640085654,
      "p95": 10354.208601297525,
      "min": 1955.3005072802725,
      "max": 20741.91676593559
    },
    "school": {
      "count": 35086,
      "mean": 7326.112178641231,
      "median": 6879.535049696309,
      "p95": 12173.833163073698,
      "min": 1731.3076923076924,
      "max": 20741.91676593559
    }
  }
}