{
  "by_service_type": {
    "bike_plus": {
      "count": 66,
      "mean": 5289.6506923891275,
      "median": 5063.302133173891,
      "p95": 6547.239113520705,
      "min": 2219.4838142323415,
      "max": 8089.3015767741035
    },
    "car": {
      "count": 436,
      "mean": 7270.620633821716,
      "median": 7030.778753218759,
      "p95": 9545.941546018392,
      "min": 5204.211628628831,
      "max": 10959.801555000893
    },
    "car_xl": {
      "count": 105,
      "mean": 10098.12664524971,
      "median": 9384.012830600674,
      "p95": 14849.242404917497,
      "min": 7209.402597741821,
      "max": 15856.162461327142
    },
    "motorcycle": {
      "count": 325,
      "mean": 4516.3942517978085,
      "median": 4313.7692307692305,
      "p95": 6172.335092977373,
      "min": 3358.318551578684,
      "max": 6858.582224118917
    }
  },
  "by_product_kind": {
    "delivery": {
      "count": 219,
      "mean": 5117.0295941641225,
      "median": 4493.443723153845,
      "p95": 7646.525697546778,
      "min": 3358.318551578684,
      "max": 10644.0783772011
    },
    "ride": {
      "count": 713,
      "mean": 6909.690730024564,
      "median": 6797.34850920236,
      "p95": 10470.4071024909,
      "min": 2219.4838142323415,
      "max": 15856.162461327142
    }
  },
  "by_daypart": {
    "afternoon": {
      "count": 174,
      "mean": 6182.802621711368,
      "median": 6194.319917787782,
      "p95": 9438.081068748774,
      "min": 2219.4838142323415,
      "max": 14849.242404917497
    },
    "morning": {
      "count": 219,
      "mean": 6333.487592738057,
      "median": 6172.335092977373,
      "p95": 9690.527553477461,
      "min": 3358.318551578684,
      "max": 14849.242404917497
    },
    "night": {
      "count": 434,
      "mean": 6720.0610598542735,
      "median": 6771.307692307692,
      "p95": 10644.0783772011,
      "min": 3462.6153846153848,
      "max": 15856.162461327142
    },
    "noon": {
      "count": 105,
      "mean": 6360.866977764745,
      "median": 6017.395965220105,
      "p95": 9545.941546018392,
      "min": 3462.6153846153848,
      "max": 14849.242404917497
    }
  },
  "by_weather": {
    "sunny": {
      "count": 932,
      "mean": 6488.453832220448,
      "median": 6370.1547792716465,
      "p95": 10136.394284403546,
      "min": 2219.4838142323415,
      "max": 15856.162461327142
    }
  },
  "by_calendar": {
    "normal": {
      "count": 932,
      "mean": 6488.453832220448,
      "median": 6370.1547792716465,
      "p95": 10136.394284403546,
      "min": 2219.4838142323415,
      "max": 15856.162461327142
    }
  },
  "by_zone": {
    "airport": {
      "count": 58,
      "mean": 6181.483518231934,
      "median": 6370.1547792716465,
      "p95": 8225.905632336358,
      "min": 3700.49369436329,
      "max": 10608.804272232497
    },
    "bus_station": {
      "count": 107,
      "mean": 6217.769353377538,
      "median": 6094.775887836305,
      "p95": 9361.764765759272,
      "min": 3700.49369436329,
      "max": 11165.58688428818
    },
    "cbd": {
      "count": 163,
      "mean": 6808.241048434905,
      "median": 6797.34850920236,
      "p95": 10105.616563327543,
      "min": 3741.612546750398,
      "max": 15856.162461327142
    },
    "entertainment": {
      "count": 123,
      "mean": 6193.455995663269,
      "median": 6273.326422242031,
      "p95": 9241.967093403631,
      "min": 2219.4838142323415,
      "max": 11198.28342246061
    },
    "hospital": {
      "count": 96,
      "mean": 7247.869673196007,
      "median": 6858.582224118917,
      "p95": 11030.672404204963,
      "min": 3853.092293823119,
      "max": 15856.162461327142
    },
    "industrial": {
      "count": 111,
      "mean": 5300.681356364565,
      "median": 4634.698096963813,
      "p95": 7824.402149685304,
      "min": 3358.318551578684,
      "max": 9756.523602825957
    },
    "residential": {
      "count": 138,
      "mean": 6224.733977199258,
      "median": 6010.407640085654,
      "p95": 10105.616563327543,
      "min": 3358.318551578684,
      "max": 15461.596877425047
    },
    "school": {
      "count": 136,
      "mean": 7416.829561487965,
      "median": 6879.535049696309,
      "p95": 11812.212546144525,
      "min": 3763.396011087517,
      "max": 14849.242404917497
    }
  }
}