{
  "by_service_type": {
    "bike_plus": {
      "count": 57,
      "mean": 6310.140071034004,
      "median": 6217.461547037415,
      "p95": 8489.170461535095,
      "min": 4803.649004578048,
      "max": 9196.630796112237
    },
    "car": {
      "count": 233,
      "mean": 8482.357611374558,
      "median": 8075.010881435028,
      "p95": 11515.233931622926,
      "min": 6622.147259193877,
      "max": 12497.758804081634
    },
    "car_xl": {
      "count": 64,
      "mean": 10984.75804357106,
      "median": 10744.754817936098,
      "p95": 13242.606248949105,
      "min": 8945.76923076923,
      "max": 16676.75988089413
    },
    "motorcycle": {
      "count": 167,
      "mean": 5200.329747675299,
      "median": 4982.033898389882,
      "p95": 6602.256015938794,
      "min": 3621.919022297659,
      "max": 7781.356573567362
    }
  },
  "by_product_kind": {
    "delivery": {
      "count": 78,
      "mean": 6082.01658629286,
      "median": 5350.184920629521,
      "p95": 9267.011054751629,
      "min": 3621.919022297659,
      "max": 11515.233931622926
    },
    "ride": {
      "count": 443,
      "mean": 7749.7733553469225,
      "median": 7772.274147392269,
      "p95": 11968.814512399078,
      "min": 4024.3473705911215,
      "max": 16676.75988089413
    }
  },
  "by_daypart": {
    "afternoon": {
      "count": 95,
      "mean": 6925.467091349464,
      "median": 6981.845127560901,
      "p95": 10583.607879903504,
      "min": 3621.919022297659,
      "max": 11515.233931622926
    },
    "morning": {
      "count": 128,
      "mean": 7224.7870986864955,
      "median": 7191.629518057781,
      "p95": 10818.69844107433,
      "min": 4024.3473705911215,
      "max": 15225.069659118148
    },
    "night": {
      "count": 241,
      "mean": 8029.286134978474,
      "median": 7888.504223007331,
      "p95": 12497.758804081634,
      "min": 4140.461538461538,
      "max": 16676.75988089413
    },
    "noon": {
      "count": 57,
      "mean": 6838.540514204405,
      "median": 7032.158845695118,
      "p95": 9316.458913234812,
      "min": 4024.3473705911215,
      "max": 11092.699985602614
    }
  },
  "by_weather": {
    "heavy_rain": {
      "count": 251,
      "mean": 7530.071121739446,
      "median": 7629.761729237933,
      "p95": 11515.233931622926,
      "min": 3621.919022297659,
      "max": 15225.069659118148
    },
    "light_rain": {
      "count": 270,
      "mean": 7472.218661455305,
      "median": 7268.897977857441,
      "p95": 11640.18726707178,
      "min": 4024.3473705911215,
      "max": 16676.75988089413
    }
  },
  "by_calendar": {
    "normal": {
      "count": 521,
      "mean": 7500.090000287002,
      "median": 7462.538461538462,
      "p95": 11640.18726707178,
      "min": 3621.919022297659,
      "max": 16676.75988089413
    }
  },
  "by_zone": {
    "airport": {
      "count": 34,
      "mean": 7171.174530072247,
      "median": 6944.766035000666,
      "p95": 10235.712735657276,
      "min": 4417.484623880679,
      "max": 11301.964447916755
    },
    "bus_station": {
      "count": 66,
      "mean": 7820.482801051662,
      "median": 7979.104848865516,
      "p95": 11092.699985602614,
      "min": 4194.959369331821,
      "max": 13242.606248949105
    },
    "cbd": {
      "count": 94,
      "mean": 7938.328549939156,
      "median": 7772.274147392269,
      "p95": 12497.758804081634,
      "min": 4450.893309213331,
      "max": 15225.069659118148
    },
    "entertainment": {
      "count": 87,
      "mean": 7160.98562205879,
      "median": 7182.6920680511175,
      "p95": 10744.754817936098,
      "min": 4261.608101967389,
      "max": 12831.236276767875
    },
    "hospital": {
      "count": 61,
      "mean": 7937.439742670312,
      "median": 7772.274147392269,
      "p95": 12640.64134800481,
      "min": 4399.309201390396,
      "max": 16676.75988089413
    },
    "industrial": {
      "count": 50,
      "mean": 6712.691412664824,
      "median": 6622.147259193877,
      "p95": 10788.742693196458,
      "min": 4140.461538461538,
      "max": 11968.814512399078
    },
    "residential": {
      "count": 69,
      "mean": 6599.527236020725,
      "median": 6217.461547037415,
      "p95": 10532.709059164217,
      "min": 3621.919022297659,
      "max": 11612.050078354907
    },
    "school": {
      "count": 60,
      "mean": 8386.344737045194,
      "median": 8519.568065472698,
      "p95": 12497.758804081634,
      "min": 4494.148070639086,
      "max": 12640.64134800481
    }
  }
}