{
  "overall": {
    "sample_size_completed_trips": 625,
    "average_customer_pays_vnd": 61847.2208,
    "average_voucher_vnd": 182.8512,
    "average_promotion_vnd": 0,
    "average_driver_vnd": 48957.8048,
    "average_commission_vnd": 12889.416,
    "average_vat_vnd": 1288.9415999999999,
    "average_platform_net_vnd": 11600.4744,
    "estimated_cloud_cost_vnd": 400,
    "estimated_map_cost_vnd": 250,
    "estimated_sms_cost_vnd": 350,
    "estimated_profit_vnd": 10600.4744
  },
  "ride": {
    "sample_size_completed_trips": 461,
    "average_customer_pays_vnd": 62156.09761388286,
    "average_voucher_vnd": 222.55097613882864,
    "average_promotion_vnd": 0,
    "average_driver_vnd": 49253.46420824295,
    "average_commission_vnd": 12902.633405639914,
    "average_vat_vnd": 1290.2633405639913,
    "average_platform_net_vnd": 11612.370065075922,
    "estimated_cloud_cost_vnd": 400,
    "estimated_map_cost_vnd": 250,
    "estimated_sms_cost_vnd": 350,
    "estimated_profit_vnd": 10612.370065075922
  },
  "delivery": {
    "sample_size_completed_trips": 164,
    "average_customer_pays_vnd": 60978.9756097561,
    "average_voucher_vnd": 71.2560975609756,
    "average_promotion_vnd": 0,
    "average_driver_vnd": 48126.71341463415,
    "average_commission_vnd": 12852.262195121952,
    "average_vat_vnd": 1285.226219512195,
    "average_platform_net_vnd": 11567.035975609757,
    "estimated_cloud_cost_vnd": 400,
    "estimated_map_cost_vnd": 250,
    "estimated_sms_cost_vnd": 350,
    "estimated_profit_vnd": 10567.035975609757
  }
}