{
  "by_service_type": {
    "bike_plus": {
      "count": 114,
      "mean": 5499.205016645755,
      "median": 5289.642407573502,
      "p95": 7265.522176691776,
      "min": 4044.1227590678996,
      "max": 7861.966746622628
    },
    "car": {
      "count": 610,
      "mean": 7261.522139701479,
      "median": 6994.7719984531905,
      "p95": 9545.941546018392,
      "min": 5511.971452193481,
      "max": 10959.801555000893
    },
    "car_xl": {
      "count": 149,
      "mean": 9772.227734965485,
      "median": 9384.012830600674,
      "p95": 14849.242404917497,
      "min": 6833.397309764993,
      "max": 15461.596877425047
    },
    "motorcycle": {
      "count": 468,
      "mean": 4483.140401980673,
      "median": 4312.146986147039,
      "p95": 6172.335092977373,
      "min": 2019.219695272849,
      "max": 6858.582224118917
    }
  },
  "by_product_kind": {
    "delivery": {
      "count": 261,
      "mean": 4946.178682510772,
      "median": 4445.191335870707,
      "p95": 7277.534874135767,
      "min": 3358.318551578684,
      "max": 9545.941546018392
    },
    "ride": {
      "count": 1080,
      "mean": 6777.460075571322,
      "median": 6686.155380986036,
      "p95": 10168.02966396101,
      "min": 2019.219695272849,
      "max": 15461.596877425047
    }
  },
  "by_daypart": {
    "afternoon": {
      "count": 232,
      "mean": 6201.386092361657,
      "median": 6149.810038273485,
      "p95": 9545.941546018392,
      "min": 3358.318551578684,
      "max": 14849.242404917497
    },
    "morning": {
      "count": 341,
      "mean": 6233.4200085338825,
      "median": 6172.335092977373,
      "p95": 9816.056336431651,
      "min": 2019.219695272849,
      "max": 14849.242404917497
    },
    "night": {
      "count": 597,
      "mean": 6762.813035931457,
      "median": 6858.582224118917,
      "p95": 10782.406282240256,
      "min": 3367.518374114683,
      "max": 15461.596877425047
    },
    "noon": {
      "count": 171,
      "mean": 5899.955198615786,
      "median": 6010.407640085654,
      "p95": 9361.764765759272,
      "min": 3358.318551578684,
      "max": 9704.335428953755
    }
  },
  "by_weather": {
    "sunny": {
      "count": 1341,
      "mean": 6421.036180277643,
      "median": 6357.565919809176,
      "p95": 9887.410179683187,
      "min": 2019.219695272849,
      "max": 15461.596877425047
    }
  },
  "by_calendar": {
    "normal": {
      "count": 1341,
      "mean": 6421.036180277643,
      "median": 6357.565919809176,
      "p95": 9887.410179683187,
      "min": 2019.219695272849,
      "max": 15461.596877425047
    }
  },
  "by_zone": {
    "airport": {
      "count": 81,
      "mean": 6063.677702494641,
      "median": 6017.921664782746,
      "p95": 9403.341678479104,
      "min": 3763.396011087517,
      "max": 10429.068117783541
    },
    "bus_station": {
      "count": 167,
      "mean": 6037.146871463299,
      "median": 6149.810038273485,
      "p95": 8515.247749495848,
      "min": 3511.5781156153944,
      "max": 11560.03363011595
    },
    "cbd": {
      "count": 265,
      "mean": 7166.80346317989,
      "median": 6882.4215126689805,
      "p95": 10782.406282240256,
      "min": 3686.950170666212,
      "max": 14849.242404917497
    },
    "entertainment": {
      "count": 173,
      "mean": 6473.637834183726,
      "median": 6619.424897648568,
      "p95": 9741.088432313602,
      "min": 2019.219695272849,
      "max": 11106.996857836955
    },
    "hospital": {
      "count": 138,
      "mean": 6668.734767900579,
      "median": 6534.237843849885,
      "p95": 10644.0783772011,
      "min": 3695.2586094901717,
      "max": 14849.242404917497
    },
    "industrial": {
      "count": 140,
      "mean": 5362.474520593441,
      "median": 4732.9732845749295,
      "p95": 8341.139784226134,
      "min": 3358.318551578684,
      "max": 9756.523602825957
    },
    "residential": {
      "count": 183,
      "mean": 5975.625445651363,
      "median": 6010.407640085654,
      "p95": 9816.056336431651,
      "min": 3358.318551578684,
      "max": 15461.596877425047
    },
    "school": {
      "count": 194,
      "mean": 6842.961576556144,
      "median": 6590.186643790902,
      "p95": 10782.406282240256,
      "min": 3462.6153846153848,
      "max": 15461.596877425047
    }
  }
}