{
  "by_service_type": {
    "bike_plus": {
      "count": 334,
      "mean": 5706.076751867624,
      "median": 5573.8416341184075,
      "p95": 7499.873239954434,
      "min": 2839.806331424733,
      "max": 9196.630796112237
    },
    "car": {
      "count": 1541,
      "mean": 7846.298309235629,
      "median": 7661.9496518323,
      "p95": 10532.709059164217,
      "min": 4098.3118594808,
      "max": 12497.758804081634
    },
    "car_xl": {
      "count": 390,
      "mean": 10654.822879131214,
      "median": 10162.184814542492,
      "p95": 15225.069659118148,
      "min": 7209.402597741821,
      "max": 18128.803656060703
    },
    "motorcycle": {
      "count": 1075,
      "mean": 4851.959825443101,
      "median": 4782.65126147505,
      "p95": 6602.256015938794,
      "min": 3358.318551578684,
      "max": 7781.356573567362
    }
  },
  "by_product_kind": {
    "delivery": {
      "count": 587,
      "mean": 5494.311036474667,
      "median": 4849.809709898133,
      "p95": 8651.991678220686,
      "min": 3358.318551578684,
      "max": 12497.758804081634
    },
    "ride": {
      "count": 2753,
      "mean": 7316.764433874975,
      "median": 7157.802667175327,
      "p95": 11261.846143549272,
      "min": 2839.806331424733,
      "max": 18128.803656060703
    }
  },
  "by_daypart": {
    "afternoon": {
      "count": 559,
      "mean": 6621.836758090122,
      "median": 6534.237843849885,
      "p95": 10532.709059164217,
      "min": 3358.318551578684,
      "max": 15225.069659118148
    },
    "morning": {
      "count": 879,
      "mean": 6883.891803895726,
      "median": 6741.335996202729,
      "p95": 11111.284589789522,
      "min": 2839.806331424733,
      "max": 16676.75988089413
    },
    "night": {
      "count": 1452,
      "mean": 7354.452699854011,
      "median": 7190.601618811144,
      "p95": 11468.632390132661,
      "min": 3571.5446456313134,
      "max": 18128.803656060703
    },
    "noon": {
      "count": 450,
      "mean": 6526.666891741358,
      "median": 6349.985842503903,
      "p95": 10532.709059164217,
      "min": 3358.318551578684,
      "max": 15225.069659118148
    }
  },
  "by_weather": {
    "light_rain": {
      "count": 1548,
      "mean": 7406.9449040354875,
      "median": 7268.897977857441,
      "p95": 11515.233931622926,
      "min": 2839.806331424733,
      "max": 18128.803656060703
    },
    "sunny": {
      "count": 1792,
      "mean": 6641.887474007502,
      "median": 6534.237843849885,
      "p95": 10636.080941775499,
      "min": 3358.318551578684,
      "max": 15856.162461327142
    }
  },
  "by_calendar": {
    "normal": {
      "count": 3340,
      "mean": 6996.470977505504,
      "median": 6797.34850920236,
      "p95": 11030.672404204963,
      "min": 2839.806331424733,
      "max": 18128.803656060703
    }
  },
  "by_zone": {
    "airport": {
      "count": 205,
      "mean": 6709.995124282792,
      "median": 6891.22681455308,
      "p95": 9683.497385185214,
      "min": 3700.49369436329,
      "max": 12624.58396725032
    },
    "bus_station": {
      "count": 365,
      "mean": 6666.593029903714,
      "median": 6741.335996202729,
      "p95": 9856.50316997494,
      "min": 3511.5781156153944,
      "max": 13242.606248949105
    },
    "cbd": {
      "count": 673,
      "mean": 7478.005017596329,
      "median": 7268.897977857441,
      "p95": 11515.233931622926,
      "min": 3741.612546750398,
      "max": 15856.162461327142
    },
    "entertainment": {
      "count": 516,
      "mean": 6852.901586130317,
      "median": 6880.733233281625,
      "p95": 10266.394585271297,
      "min": 3511.5781156153944,
      "max": 12831.236276767875
    },
    "hospital": {
      "count": 334,
      "mean": 7890.9925393744925,
      "median": 7265.522176691776,
      "p95": 11836.089054244227,
      "min": 3695.2586094901717,
      "max": 18128.803656060703
    },
    "industrial": {
      "count": 337,
      "mean": 5890.939871004326,
      "median": 5511.971452193481,
      "p95": 9020.29822123415,
      "min": 3358.318551578684,
      "max": 11836.089054244227
    },
    "residential": {
      "count": 492,
      "mean": 6454.8580390790385,
      "median": 6010.407640085654,
      "p95": 10959.801555000893,
      "min": 2839.806331424733,
      "max": 18128.803656060703
    },
    "school": {
      "count": 418,
      "mean": 7640.991897807477,
      "median": 7265.522176691776,
      "p95": 11812.212546144525,
      "min": 3620.4615384615386,
      "max": 18128.803656060703
    }
  }
}